,building_id,site_id,sqm,yearbuilt
0,Panther_lodging_Dean,Panther,508.8,1989.0
1,Panther_lodging_Shelia,Panther,929.0,1992.0
2,Panther_lodging_Ricky,Panther,483.1,2016.0
3,Panther_education_Rosalie,Panther,690.5,2008.0
4,Panther_education_Misty,Panther,252.7,2004.0
5,Panther_office_Daina,Panther,133.8,1983.0
6,Panther_education_Mattie,Panther,499.4,1991.0
7,Panther_office_Woodrow,Panther,537.8,1996.0
8,Panther_education_Diann,Panther,2200.4,2002.0
9,Panther_education_Gina,Panther,10833.1,1975.0
10,Panther_education_Tina,Panther,743.2,2000.0
11,Panther_lodging_Russell,Panther,2594.4,1981.0
12,Panther_education_Guillermina,Panther,2064.3,2002.0
13,Panther_lodging_Amos,Panther,1337.2,1997.0
14,Panther_education_Vincent,Panther,11248.1,1989.0
15,Panther_education_Shelton,Panther,5649.3,2003.0
16,Panther_office_Karla,Panther,2508.4,2010.0
17,Panther_assembly_Denice,Panther,34445.9,1991.0
18,Panther_education_Sophia,Panther,4559.0,1968.0
19,Panther_lodging_Bonnie,Panther,1290.4,2013.0
20,Panther_lodging_Willa,Panther,3446.7,1999.0
21,Panther_education_Annetta,Panther,9232.7,2000.0
22,Panther_education_Aurora,Panther,8012.9,2013.0
23,Panther_office_Graham,Panther,7799.9,1974.0
24,Panther_education_Karri,Panther,5076.6,1996.0
25,Panther_office_Valarie,Panther,1416.8,1980.0
26,Panther_education_Richard,Panther,534.3,1976.0
27,Panther_education_Hugh,Panther,10395.0,1996.0
28,Panther_lodging_Arlene,Panther,879.8,1988.0
29,Panther_office_Larry,Panther,1738.9,2004.0
30,Panther_education_Lacey,Panther,337.0,1995.0
31,Panther_education_Mohammad,Panther,10244.6,1977.0
32,Panther_office_Jeane,Panther,654.3,1990.0
33,Panther_education_Jonathan,Panther,331.6,1996.0
34,Panther_education_Genevieve,Panther,12159.6,1985.0
35,Panther_education_Alecia,Panther,9805.4,2001.0
36,Panther_office_Jesus,Panther,9595.6,1969.0
37,Panther_office_Catherine,Panther,2504.0,2005.0
38,Panther_lodging_Awilda,Panther,5499.9,1999.0
39,Panther_lodging_Aaron,Panther,526.0,2013.0
40,Panther_office_Garth,Panther,4919.9,2016.0
41,Panther_education_Quintin,Panther,10578.5,2006.0
42,Panther_education_Teofila,Panther,8723.3,1999.0
43,Panther_education_Ivan,Panther,5751.1,2001.0
44,Panther_office_Shauna,Panther,4495.8,2005.0
45,Panther_lodging_Hattie,Panther,3594.0,2002.0
46,Panther_lodging_Jana,Panther,3969.8,2002.0
47,Panther_lodging_Teresita,Panther,3866.3,2002.0
48,Panther_lodging_Cornelia,Panther,4935.9,2002.0
49,Panther_lodging_Tracie,Panther,4935.9,2002.0
50,Panther_office_Bryce,Panther,620.1,1998.0
51,Panther_office_Lois,Panther,1186.3,2013.0
52,Panther_office_Taryn,Panther,6003.3,1969.0
53,Panther_assembly_David,Panther,2503.2,2001.0
54,Panther_office_Kristen,Panther,8719.9,1968.0
55,Panther_other_Lucina,Panther,21043.1,1968.0
56,Panther_retail_Kristina,Panther,5487.9,1980.0
57,Panther_lodging_Heather,Panther,1070.1,1991.0
58,Panther_lodging_Otis,Panther,461.6,1989.0
59,Panther_lodging_Jacquelyn,Panther,1290.4,2013.0
60,Panther_lodging_Juliet,Panther,557.4,1993.0
61,Panther_retail_Rachel,Panther,26.3,1985.0
62,Panther_retail_Gilbert,Panther,1421.8,2016.0
63,Panther_retail_Lester,Panther,840.3,2016.0
64,Panther_retail_Felix,Panther,2941.9,2008.0
65,Panther_other_Tyrone,Panther,889.0,1989.0
66,Panther_lodging_Carroll,Panther,1361.2,1994.0
67,Panther_lodging_Paulette,Panther,351.9,1994.0
68,Panther_lodging_Alyssa,Panther,1361.2,1994.0
69,Panther_other_Iva,Panther,255.5,2011.0
70,Panther_lodging_Myrtle,Panther,2272.0,1968.0
71,Panther_other_Luis,Panther,494.8,2005.0
72,Panther_other_Bettie,Panther,436.5,1981.0
73,Panther_parking_Asia,Panther,36012.7,2014.0
74,Panther_education_Edna,Panther,9896.3,1970.0
75,Panther_office_Otto,Panther,8151.5,1971.0
76,Panther_education_Violet,Panther,730.9,2011.0
77,Panther_office_Christian,Panther,1553.9,2011.0
78,Panther_lodging_Alita,Panther,5582.4,2013.0
79,Panther_lodging_Edison,Panther,6072.0,2013.0
80,Panther_lodging_Sonja,Panther,7746.2,2013.0
81,Panther_assembly_Pamella,Panther,7556.5,2005.0
82,Panther_education_Neal,Panther,7578.7,1997.0
83,Panther_lodging_Blaine,Panther,3594.0,2001.0
84,Panther_lodging_Floyd,Panther,3969.8,2001.0
85,Panther_lodging_Jorge,Panther,3866.3,2001.0
86,Panther_lodging_Edmond,Panther,4935.9,2001.0
87,Panther_lodging_Kaitlin,Panther,4935.9,2001.0
88,Panther_office_Gino,Panther,78.0,2000.0
89,Panther_lodging_Fausto,Panther,3459.8,1981.0
90,Panther_lodging_Janice,Panther,2272.0,1968.0
91,Panther_parking_Charlene,Panther,45284.0,2007.0
92,Panther_parking_Jody,Panther,36012.7,2000.0
93,Panther_parking_Mellissa,Panther,36012.7,2007.0
94,Panther_parking_Clarence,Panther,37179.8,2011.0
95,Panther_parking_Stanley,Panther,36012.7,1998.0
96,Panther_parking_Adela,Panther,36012.7,2002.0
97,Panther_parking_Lorriane,Panther,36012.7,2008.0
98,Panther_parking_Alaina,Panther,36012.7,1997.0
99,Panther_education_Zelda,Panther,7519.8,2010.0
100,Panther_education_Jerome,Panther,11974.0,2009.0
101,Panther_lodging_Drew,Panther,785.0,1988.0
102,Panther_lodging_Anastasia,Panther,2272.0,1968.0
103,Panther_retail_Jeanette,Panther,1162.7,1976.0
104,Panther_education_Enriqueta,Panther,7084.5,2007.0
105,Panther_office_Lauretta,Panther,3366.8,2010.0
106,Panther_office_Patti,Panther,14503.2,2001.0
107,Panther_other_Ismael,Panther,364.0,2008.0
108,Panther_other_Bethel,Panther,281.0,1979.0
109,Panther_office_Brent,Panther,998.1,1974.0
110,Panther_other_Lula,Panther,192.3,1996.0
111,Panther_office_Hannah,Panther,375.1,1986.0
112,Panther_lodging_Else,Panther,3459.8,1981.0
113,Panther_education_Janis,Panther,1015.6,1986.0
114,Panther_assembly_Carrol,Panther,595.7,2006.0
115,Panther_assembly_Gwyneth,Panther,7109.6,2007.0
116,Panther_education_Jarrett,Panther,249.4,1968.0
117,Panther_retail_Romeo,Panther,15027.5,1996.0
118,Panther_lodging_Gale,Panther,5499.9,1999.0
119,Panther_education_Emily,Panther,6326.1,2003.0
120,Panther_office_Lavinia,Panther,1001.4,1970.0
121,Panther_office_Clementine,Panther,3100.2,1982.0
122,Panther_education_Scarlett,Panther,2737.8,1968.0
123,Panther_lodging_Georgie,Panther,1221.8,1990.0
124,Panther_lodging_Kara,Panther,18667.3,2006.0
125,Panther_lodging_Kirk,Panther,18667.3,2006.0
126,Panther_lodging_Cora,Panther,17433.0,2007.0
127,Panther_lodging_Marisol,Panther,18667.3,2007.0
128,Panther_office_Danica,Panther,210.0,2016.0
129,Panther_education_Joyce,Panther,7896.8,1991.0
130,Panther_lodging_Dianna,Panther,2272.0,1968.0
131,Panther_office_Antonette,Panther,1752.2,1986.0
132,Panther_office_Christin,Panther,1474.9,1983.0
133,Panther_education_Cleopatra,Panther,2012.0,2016.0
134,Panther_office_Ruthie,Panther,4211.3,2003.0
135,Panther_lodging_Marlyn,Panther,950.4,1968.0
136,Robin_education_Kiera,Robin,4703.0,
137,Robin_education_Della,Robin,499.3,
138,Robin_education_Lashandra,Robin,9061.0,2005.0
139,Robin_education_Megan,Robin,7579.0,1913.0
140,Robin_education_Mercedes,Robin,5295.0,1953.0
141,Robin_education_Audrea,Robin,2584.0,2006.0
142,Robin_education_Derrick,Robin,10994.0,1909.0
143,Robin_education_Karyl,Robin,2992.0,
144,Robin_education_Madeline,Robin,9335.0,1958.0
145,Robin_education_Leslie,Robin,12977.0,1958.0
146,Robin_education_So,Robin,12051.0,1968.0
147,Robin_education_Jasper,Robin,3462.0,
148,Robin_education_Cecilia,Robin,1439.0,2004.0
149,Robin_education_Julius,Robin,12850.0,1960.0
150,Robin_education_Margarito,Robin,8468.0,2007.0
151,Robin_education_Zenia,Robin,6337.0,1976.0
152,Robin_education_Derick,Robin,13965.0,1906.0
153,Robin_education_Terrance,Robin,7714.9,1991.0
154,Robin_education_Kristopher,Robin,5686.0,1989.0
155,Robin_education_Billi,Robin,3560.0,1900.0
156,Robin_education_Takako,Robin,1561.0,1995.0
157,Robin_education_Lizbeth,Robin,2001.0,2004.0
158,Robin_lodging_Donna,Robin,2515.0,
159,Robin_lodging_Renea,Robin,9548.0,1956.0
160,Robin_lodging_Elmer,Robin,9565.0,1968.0
161,Robin_lodging_Dorthy,Robin,5842.9,1960.0
162,Robin_lodging_Janie,Robin,6193.0,1930.0
163,Robin_lodging_Celia,Robin,7721.0,1995.0
164,Robin_lodging_Oliva,Robin,6013.0,1960.0
165,Robin_lodging_Pricilla,Robin,4607.0,1998.0
166,Robin_lodging_Phillip,Robin,6181.0,1967.0
167,Robin_lodging_Armand,Robin,5246.0,1960.0
168,Robin_assembly_Colleen,Robin,5948.0,1967.0
169,Robin_public_Carolina,Robin,10984.0,
170,Robin_public_Cami,Robin,5261.0,1900.0
171,Robin_office_Shirlene,Robin,4647.0,
172,Robin_office_Gayle,Robin,4161.0,1919.0
173,Robin_office_Dina,Robin,4213.0,
174,Robin_office_Victor,Robin,3724.0,
175,Robin_office_Lindsay,Robin,5358.0,
176,Robin_office_Adolph,Robin,1321.0,
177,Robin_office_Saul,Robin,2937.0,1956.0
178,Robin_office_Donald,Robin,7669.0,1977.0
179,Robin_office_Wai,Robin,16221.0,1960.0
180,Robin_office_Zelma,Robin,7607.0,1960.0
181,Robin_office_Antonina,Robin,6099.7,1955.0
182,Robin_office_Serena,Robin,2833.1,1997.0
183,Robin_office_Soledad,Robin,957.0,1970.0
184,Robin_office_Erma,Robin,4434.0,1928.0
185,Robin_office_Addie,Robin,1495.0,1965.0
186,Robin_office_Maryann,Robin,3201.0,1907.0
187,Robin_office_Sammie,Robin,4802.0,1930.0
188,Fox_public_Denny,Fox,4058.1,2007.0
189,Fox_office_Clayton,Fox,488.5,
190,Fox_office_Susanne,Fox,941.6,
191,Fox_education_Vernon,Fox,3825.7,
192,Fox_education_Charles,Fox,909.3,
193,Fox_assembly_Kathie,Fox,1466.6,
194,Fox_education_Kendrick,Fox,1052.5,
195,Fox_education_Delma,Fox,9181.5,1968.0
196,Fox_education_Ollie,Fox,6698.5,1970.0
197,Fox_warehouse_Pearl,Fox,1199.2,1979.0
198,Fox_warehouse_Lorretta,Fox,360.2,1975.0
199,Fox_lodging_Helen,Fox,51394.9,2009.0
200,Fox_lodging_Stephen,Fox,8019.7,1956.0
201,Fox_education_Andre,Fox,17044.0,2005.0
202,Fox_education_Yolande,Fox,16681.6,2006.0
203,Fox_retail_Manie,Fox,4201.4,1982.0
204,Fox_office_Essie,Fox,12244.3,1968.0
205,Fox_office_Israel,Fox,11282.1,1983.0
206,Fox_education_Rosie,Fox,8445.2,
207,Fox_education_Tonya,Fox,8444.9,
208,Fox_education_Nilda,Fox,10371.2,1989.0
209,Fox_education_Kim,Fox,5782.1,1970.0
210,Fox_assembly_Boyce,Fox,15520.9,1989.0
211,Fox_office_Berniece,Fox,2173.2,
212,Fox_food_Francesco,Fox,2310.2,2012.0
213,Fox_education_Maris,Fox,2284.1,
214,Fox_education_Elvira,Fox,13826.7,2014.0
215,Fox_assembly_Jerrod,Fox,94.9,
216,Fox_education_Leota,Fox,12311.3,1992.0
217,Fox_education_Heriberto,Fox,3174.6,
218,Fox_education_Miguelina,Fox,7831.7,
219,Fox_education_Maureen,Fox,22757.9,2008.0
220,Fox_religion_Maurice,Fox,151.3,1948.0
221,Fox_education_Sterling,Fox,4106.6,1950.0
222,Fox_office_Margarita,Fox,2187.8,1941.0
223,Fox_education_Elois,Fox,695.0,1969.0
224,Fox_education_Geoffrey,Fox,12731.4,1957.0
225,Fox_education_Gayla,Fox,7271.3,1964.0
226,Fox_education_Gloria,Fox,14087.5,1983.0
227,Fox_office_Molly,Fox,576.3,1999.0
228,Fox_office_Demetrius,Fox,14463.3,
229,Fox_office_Sheila,Fox,901.4,1940.0
230,Fox_assembly_Cindy,Fox,3765.5,
231,Fox_public_Rhonda,Fox,9555.6,
232,Fox_office_Yong,Fox,15232.3,2004.0
233,Fox_parking_Tommie,Fox,37633.4,2004.0
234,Fox_assembly_Emma,Fox,13293.8,1964.0
235,Fox_education_Wendell,Fox,20402.2,1992.0
236,Fox_lodging_Alana,Fox,6938.2,2006.0
237,Fox_lodging_Wallace,Fox,5885.2,2007.0
238,Fox_lodging_Isabell,Fox,2875.3,1951.0
239,Fox_lodging_Winifred,Fox,5582.2,2001.0
240,Fox_public_Martin,Fox,32129.3,1966.0
241,Fox_public_Lauren,Fox,9262.4,
242,Fox_health_Lorena,Fox,3428.5,1934.0
243,Fox_education_Claude,Fox,17957.6,2006.0
244,Fox_education_Jaclyn,Fox,6619.2,2004.0
245,Fox_education_Etta,Fox,4497.5,
246,Fox_education_Otilia,Fox,30403.1,2012.0
247,Fox_education_Eldon,Fox,4613.7,1964.0
248,Fox_education_Janina,Fox,8479.5,1951.0
249,Fox_lodging_Stephan,Fox,3382.2,1940.0
250,Fox_education_Long,Fox,12733.7,1964.0
251,Fox_education_Leona,Fox,26286.5,2003.0
252,Fox_public_Belle,Fox,1524.6,
253,Fox_education_Dominique,Fox,8930.2,1959.0
254,Fox_education_Theodore,Fox,11389.2,1971.0
255,Fox_education_Melinda,Fox,18984.6,1993.0
256,Fox_assembly_Audrey,Fox,1108.8,1939.0
257,Fox_education_Willis,Fox,24265.1,
258,Fox_education_Elizabeth,Fox,25295.4,1955.0
259,Fox_lodging_Angla,Fox,20115.9,1967.0
260,Fox_office_Carson,Fox,6891.5,1930.0
261,Fox_assembly_Cecelia,Fox,1591.6,1918.0
262,Fox_lodging_Warren,Fox,4562.3,1951.0
263,Fox_education_Eddy,Fox,13015.0,
264,Fox_education_Shawanda,Fox,960.1,
265,Fox_education_Stacia,Fox,3134.5,1939.0
266,Fox_assembly_Gary,Fox,2261.7,1981.0
267,Fox_education_Rudolph,Fox,2335.5,1970.0
268,Fox_education_Louie,Fox,16645.2,1971.0
269,Fox_education_Ashli,Fox,864.8,1970.0
270,Fox_assembly_Cathy,Fox,13386.0,1989.0
271,Fox_public_Bart,Fox,9407.5,1982.0
272,Fox_office_Bernard,Fox,4182.2,
273,Fox_lodging_Jina,Fox,9888.6,1963.0
274,Fox_lodging_Frances,Fox,10340.5,1964.0
275,Fox_assembly_Terrell,Fox,4830.9,1974.0
276,Fox_parking_Lynelle,Fox,14596.3,1987.0
277,Fox_parking_Felipa,Fox,51767.1,2004.0
278,Fox_education_Dewayne,Fox,8892.4,
279,Fox_education_Shirley,Fox,8220.6,
280,Fox_office_Alice,Fox,18806.8,1967.0
281,Fox_education_Marlana,Fox,5997.8,1965.0
282,Fox_education_Melvin,Fox,2289.4,1982.0
283,Fox_assembly_Renna,Fox,16671.4,1976.0
284,Fox_education_Lilly,Fox,12236.3,1991.0
285,Fox_education_Virginia,Fox,1186.7,
286,Fox_education_Marcelina,Fox,400.8,1907.0
287,Fox_education_Virgil,Fox,6123.0,1964.0
288,Fox_assembly_Johnnie,Fox,23668.5,1989.0
289,Fox_education_Suzan,Fox,4559.5,1914.0
290,Fox_education_Lesley,Fox,1555.6,
291,Fox_education_Burton,Fox,7028.1,
292,Fox_education_Shaun,Fox,6616.9,
293,Fox_education_Cynthia,Fox,7197.1,
294,Fox_education_Jacqueline,Fox,11797.3,1979.0
295,Fox_education_Tamika,Fox,8339.9,
296,Fox_assembly_Leeanne,Fox,1932.8,1999.0
297,Fox_education_Claire,Fox,8145.1,1960.0
298,Fox_office_Edythe,Fox,7772.3,1973.0
299,Fox_office_Thelma,Fox,11052.3,1988.0
300,Fox_education_Kris,Fox,2837.5,
301,Fox_assembly_Carlos,Fox,6706.9,2013.0
302,Fox_assembly_Tony,Fox,7231.9,
303,Fox_assembly_Bradley,Fox,75207.8,1958.0
304,Fox_office_Easter,Fox,2766.5,
305,Fox_education_Carleen,Fox,6635.2,
306,Fox_education_Henrietta,Fox,425.8,
307,Fox_office_Zachary,Fox,13038.5,
308,Fox_office_Brandy,Fox,3921.8,1985.0
309,Fox_office_Vicki,Fox,6580.5,2014.0
310,Fox_office_Joy,Fox,6581.0,2014.0
311,Fox_education_Ray,Fox,1185.5,1909.0
312,Fox_office_Gaylord,Fox,13759.0,
313,Fox_education_John,Fox,4587.9,1967.0
314,Fox_assembly_Dixie,Fox,9801.7,2008.0
315,Fox_food_Scott,Fox,2681.4,
316,Fox_office_Juana,Fox,2671.0,
317,Fox_assembly_Sheldon,Fox,4823.5,
318,Fox_assembly_Adrianne,Fox,21391.8,1975.0
319,Fox_utility_Marian,Fox,2040.0,
320,Fox_lodging_Morris,Fox,3051.0,1935.0
321,Fox_office_Rowena,Fox,3132.0,1956.0
322,Fox_assembly_Christie,Fox,997.1,2005.0
323,Fox_assembly_Lakeisha,Fox,898.0,2005.0
324,Fox_office_Karima,Fox,4806.1,1966.0
325,Moose_education_Dennis,Moose,6000.0,1923.0
326,Moose_education_Sasha,Moose,8000.0,1911.0
327,Moose_education_Ricardo,Moose,14000.0,
328,Moose_education_Omar,Moose,31000.0,1938.0
329,Moose_education_Lori,Moose,14000.0,1964.0
330,Moose_education_Gladys,Moose,67999.9,1969.0
331,Moose_education_Maria,Moose,35999.9,1960.0
332,Moose_education_Marlon,Moose,21000.0,1965.0
333,Moose_education_Clark,Moose,70999.9,1979.0
334,Moose_education_Rene,Moose,37999.9,1970.0
335,Moose_education_Leland,Moose,48999.9,1976.0
336,Moose_education_Marina,Moose,6000.0,1955.0
337,Moose_education_Abbie,Moose,45000.0,1952.0
338,Moose_education_Florence,Moose,26999.9,1995.0
339,Moose_education_Diane,Moose,16999.9,1962.0
340,Crow_education_Marlin,Crow,7561.4,
341,Crow_education_Keisha,Crow,14173.2,
342,Crow_education_Kate,Crow,6320.2,
343,Crow_education_Winston,Crow,8659.1,
344,Crow_education_Omer,Crow,11857.4,
345,Shrew_office_Katherine,Shrew,3410.0,1902.0
346,Shrew_office_Doris,Shrew,22568.9,
347,Shrew_office_Rose,Shrew,1058.0,
348,Shrew_office_Lin,Shrew,13995.0,1915.0
349,Shrew_office_Kenneth,Shrew,1719.0,1937.0
350,Shrew_office_Nora,Shrew,10203.0,1906.0
351,Shrew_office_Ila,Shrew,10905.0,
352,Shrew_office_Doug,Shrew,5630.0,1906.0
353,Shrew_office_Sherill,Shrew,18098.0,2000.0
354,Mouse_health_Modesto,Mouse,17993.0,1994.0
355,Mouse_health_Justin,Mouse,17735.0,2012.0
356,Mouse_health_Estela,Mouse,17193.0,1936.0
357,Mouse_health_Ileana,Mouse,5399.0,1954.0
358,Mouse_health_Buddy,Mouse,1749.0,
359,Mouse_lodging_Vicente,Mouse,3489.0,2006.0
360,Mouse_science_Micheal,Mouse,5931.0,1996.0
